{
  "loss": 0.04708743095397949,
  "compile_metrics": 0.19115550816059113,
  "rmse": 0.21699638664722443,
  "mape": 17.574243545532227
}