{
  "loss": 0.44710978865623474,
  "compile_metrics": 0.6277164816856384,
  "rmse": 0.6686627268791199,
  "mape": 60.12309265136719
}