{
  "loss": 0.16881555318832397,
  "compile_metrics": 0.38837066292762756,
  "rmse": 0.410871684551239,
  "mape": 37.479835510253906
}